{
  "lib\\app.dart": 1766387106.7522697,
  "lib\\main.dart": 1776769103.2740538,
  "lib\\core\\config\\api_config.dart": 1766387106.76798,
  "lib\\core\\config\\gemini_config.dart": 1776747441.097741,
  "lib\\core\\constants\\api_endpoints.dart": 1766387106.7838705,
  "lib\\core\\constants\\app_constants.dart": 1776747743.729887,
  "lib\\core\\debug\\api_debug_screen.dart": 1766387106.984596,
  "lib\\core\\errors\\exceptions.dart": 1766387106.875013,
  "lib\\core\\errors\\failures.dart": 1766387106.875013,
  "lib\\core\\extensions\\context_extension.dart": 1766387106.849058,
  "lib\\core\\extensions\\string_extension.dart": 1776414722.7885392,
  "lib\\core\\models\\activity_models.dart": 1773661625.3927014,
  "lib\\core\\models\\admin_user_models.dart": 1766387106.8183916,
  "lib\\core\\models\\approval_models.dart": 1766387106.8271651,
  "lib\\core\\models\\auth_models.dart": 1773895152.8969667,
  "lib\\core\\models\\contractor_models.dart": 1766387106.8183916,
  "lib\\core\\models\\dashboard_models.dart": 1766387106.815343,
  "lib\\core\\models\\dsr_models.dart": 1776858526.5446682,
  "lib\\core\\models\\kyc_status_models.dart": 1766387106.8183916,
  "lib\\core\\models\\market_mapping_models.dart": 1770019235.469776,
  "lib\\core\\models\\painter_models.dart": 1766387106.8183916,
  "lib\\core\\models\\product_journey_models.dart": 1770019721.9697125,
  "lib\\core\\models\\profile_details_models.dart": 1766387106.8430328,
  "lib\\core\\models\\retailer_registration_models.dart": 1776841805.6892123,
  "lib\\core\\models\\sales_monitoring_models.dart": 1770019533.988219,
  "lib\\core\\models\\sample_distribution_models.dart": 1766387106.83118,
  "lib\\core\\models\\sampling_drive_models.dart": 1766387106.8370063,
  "lib\\core\\models\\stock_models.dart": 1770012685.0614574,
  "lib\\core\\models\\trade_partner_models.dart": 1770006330.8498876,
  "lib\\core\\models\\user_profile_models.dart": 1766387106.83118,
  "lib\\core\\network\\api_client.dart": 1776747905.2003524,
  "lib\\core\\network\\network_info.dart": 1766387106.7838705,
  "lib\\core\\network\\ssl_http_client.dart": 1776747470.7781346,
  "lib\\core\\providers\\auth_provider.dart": 1776748384.684624,
  "lib\\core\\routes\\app_router.dart": 1773895217.16721,
  "lib\\core\\routes\\route_names.dart": 1770019828.767591,
  "lib\\core\\services\\activity_service.dart": 1776747993.0074072,
  "lib\\core\\services\\admin_user_service.dart": 1766387106.9577863,
  "lib\\core\\services\\approval_service.dart": 1766387106.9103904,
  "lib\\core\\services\\auth_service.dart": 1776750545.0832098,
  "lib\\core\\services\\autologin_service.dart": 1773895320.7364187,
  "lib\\core\\services\\bank_details_ocr_service.dart": 1766387106.9380267,
  "lib\\core\\services\\commercial_licence_ocr_service.dart": 1766387106.9103904,
  "lib\\core\\services\\contractor_service.dart": 1766387106.9026682,
  "lib\\core\\services\\dashboard_service.dart": 1776747973.831953,
  "lib\\core\\services\\dsr_service.dart": 1776858526.4145274,
  "lib\\core\\services\\emirates_id_ocr_service.dart": 1766387106.9300268,
  "lib\\core\\services\\gemini_ocr_service.dart": 1766387106.8986511,
  "lib\\core\\services\\hybrid_ocr_service.dart": 1766387106.8945334,
  "lib\\core\\services\\image_upload_service.dart": 1776748258.6426103,
  "lib\\core\\services\\kyc_status_service.dart": 1776747948.3980496,
  "lib\\core\\services\\location_service.dart": 1776753479.652286,
  "lib\\core\\services\\maintenance_service.dart": 1776747926.1537805,
  "lib\\core\\services\\market_mapping_service.dart": 1770019287.625628,
  "lib\\core\\services\\notification_service.dart": 1773898575.751134,
  "lib\\core\\services\\otp_service.dart": 1776748097.8107219,
  "lib\\core\\services\\painter_service.dart": 1766387106.9046762,
  "lib\\core\\services\\product_journey_service.dart": 1770019723.8189006,
  "lib\\core\\services\\profile_completion_service.dart": 1766387106.9671526,
  "lib\\core\\services\\profile_details_service.dart": 1766387106.9300268,
  "lib\\core\\services\\retailer_registration_service.dart": 1776841805.8390841,
  "lib\\core\\services\\sales_monitoring_service.dart": 1770019571.8030217,
  "lib\\core\\services\\sample_distribution_service.dart": 1766387106.9103904,
  "lib\\core\\services\\sampling_execution_service.dart": 1766387106.9103904,
  "lib\\core\\services\\sms_uae_service.dart": 1776750019.5971942,
  "lib\\core\\services\\stock_service.dart": 1770012924.2735386,
  "lib\\core\\services\\storage_service.dart": 1776747686.7941341,
  "lib\\core\\services\\trade_partner_service.dart": 1770008302.4486263,
  "lib\\core\\services\\vat_certificate_ocr_service.dart": 1766387106.8945334,
  "lib\\core\\theme\\app_colors.dart": 1776747704.7236032,
  "lib\\core\\theme\\app_dimensions.dart": 1776747715.5889287,
  "lib\\core\\theme\\app_theme.dart": 1776751164.6968029,
  "lib\\core\\utils\\logger.dart": 1776747416.5457146,
  "lib\\core\\utils\\responsive_utils.dart": 1766387106.7996268,
  "lib\\core\\utils\\snackbar_utils.dart": 1776748012.1533859,
  "lib\\core\\utils\\uae_phone_utils.dart": 1776406578.0704868,
  "lib\\core\\utils\\validators.dart": 1776414722.7885392,
  "lib\\features\\activity\\screens\\activity_entry_screen.dart": 1776751164.6911566,
  "lib\\features\\dsr\\presentation\\dsr_entry_screen.dart": 1776860117.1420476,
  "lib\\features\\market_mapping\\presentation\\screens\\competitor_pricing_screen.dart": 1770019420.984177,
  "lib\\features\\market_mapping\\presentation\\screens\\discount_tracking_screen.dart": 1770019422.915736,
  "lib\\features\\market_mapping\\presentation\\screens\\market_intelligence_screen.dart": 1770019490.9495678,
  "lib\\features\\market_mapping\\presentation\\screens\\market_mapping_home_screen.dart": 1770019363.442835,
  "lib\\features\\market_mapping\\presentation\\screens\\new_launches_screen.dart": 1770019488.7941978,
  "lib\\features\\product_journey\\presentation\\screens\\product_journey_screen.dart": 1770019788.9819753,
  "lib\\features\\quality_control\\approval_dashboard.dart": 1766387107.0237644,
  "lib\\features\\quality_control\\dashboard.dart": 1766387107.011137,
  "lib\\features\\retailer\\screens\\retailer_onboarding_screen.dart": 1776750506.687319,
  "lib\\features\\sales_monitoring\\presentation\\screens\\counter_mapping_screen.dart": 1770019660.3027544,
  "lib\\features\\sales_monitoring\\presentation\\screens\\sales_monitoring_home_screen.dart": 1770019658.3672147,
  "lib\\features\\sample_distribution\\sample_distribution_entry_screen.dart": 1776751164.694157,
  "lib\\features\\sample_execution\\sample_execution_entry_screen.dart": 1776751164.6968029,
  "lib\\features\\screens\\data\\datasources\\auth_remote_datasource.dart": 1766387107.0330906,
  "lib\\features\\screens\\data\\models\\user_model.dart": 1766387107.0449405,
  "lib\\features\\screens\\data\\repositories\\auth_repository_impl.dart": 1766387107.040929,
  "lib\\features\\screens\\domain\\entities\\user.dart": 1766387107.0528305,
  "lib\\features\\screens\\domain\\repositories\\auth_repository.dart": 1766387107.0528305,